﻿<documentation>
  <page url-base="https://github.com/juniorgasparotto/SysCommand">
    <languages>
      <language name="pt-br" output="output/readme-ptbr.md" default="true" />
      <language name="en-us" output="output/readme.md" />
      <language name="fr" output="output/readme-fr.md" />
    </languages>
    <content>
      <table-of-contents />
      
      Oi!!

      <include href="Sample/Content.md" />
      <include href="Sample/Content.md" />
    </content>
  </page>

  <page url-base="https://github.com/juniorgasparotto/SysCommand/blob/master/documentation">
    <languages>
      <language name="pt-br" output="output/doc/documentation-ptbr.md" default="true" />
      <language name="fr" output="output/doc/documentation-fr.md" />
      <language name="en-us" output="output/doc/documentation.md" />
    </languages>
    <content>
      <include href="Sample/Content.md" />
      <include href="Sample/Content.md" />
      <include href="Sample/Content.md" />
      <include href="Sample/Content.md" />
      <include href="Sample/Content.md" />
    </content>
  </page>
</documentation>